Points,Energy
557.0010503429278,5156.59
593.1367697363776,5485.56
627.443028846284,5804.82
